{"loss":{"0":0.0179948192,"1":0.013879762,"2":0.0134945419,"3":0.0131845623,"4":0.012978374,"5":0.0127458852,"6":0.0125138909,"7":0.0123398667,"8":0.0122349942,"9":0.0121372929,"10":0.0120387701,"11":0.0119537944,"12":0.0119274659,"13":0.0117995506,"14":0.0117201395,"15":0.0116445152,"16":0.0115262549,"17":0.0115034152,"18":0.0114514604,"19":0.0113157947,"20":0.0112704253,"21":0.0112182247,"22":0.0111907953,"23":0.0111760227,"24":0.0110436706,"25":0.0110655073,"26":0.0110869445,"27":0.010984011,"28":0.0109500652,"29":0.0109530762},"accuracy":{"0":0.1164089739,"1":0.1169899032,"2":0.1172580197,"3":0.1175261438,"4":0.1177048907,"5":0.118330501,"6":0.1185539365,"7":0.1188220605,"8":0.1188667417,"9":0.1186879948,"10":0.1189114302,"11":0.1189114302,"12":0.1188220605,"13":0.1190008074,"14":0.1189561188,"15":0.1187326834,"16":0.1189114302,"17":0.1189114302,"18":0.1189561188,"19":0.1189561188,"20":0.1189114302,"21":0.1189114302,"22":0.1189561188,"23":0.1188220605,"24":0.1190901771,"25":0.1190008074,"26":0.1191348657,"27":0.1191348657,"28":0.1191795543,"29":0.1190008074},"val_loss":{"0":0.0109843211,"1":0.0107474485,"2":0.0108202966,"3":0.0115279583,"4":0.0105904201,"5":0.0106773106,"6":0.0104605192,"7":0.0107110832,"8":0.0106296362,"9":0.0101776943,"10":0.0101558045,"11":0.0101179248,"12":0.0108116912,"13":0.0101340096,"14":0.009973201,"15":0.0105636586,"16":0.0106835607,"17":0.0104310149,"18":0.0104496237,"19":0.0103323897,"20":0.0103554744,"21":0.0112779969,"22":0.0105923219,"23":0.010749815,"24":0.0102032553,"25":0.0104977479,"26":0.0103403488,"27":0.0108191455,"28":0.0103326626,"29":0.0109449988},"val_accuracy":{"0":0.0934763178,"1":0.0934763178,"2":0.0934763178,"3":0.0934763178,"4":0.0934763178,"5":0.0934763178,"6":0.0934763178,"7":0.0934763178,"8":0.0934763178,"9":0.0934763178,"10":0.0934763178,"11":0.0934763178,"12":0.0934763178,"13":0.0934763178,"14":0.0934763178,"15":0.0934763178,"16":0.0934763178,"17":0.0934763178,"18":0.0934763178,"19":0.0934763178,"20":0.0934763178,"21":0.0934763178,"22":0.0934763178,"23":0.0934763178,"24":0.0934763178,"25":0.0934763178,"26":0.0934763178,"27":0.0934763178,"28":0.0934763178,"29":0.0934763178}}