{"loss":{"0":0.0438097566,"1":0.0291394424,"2":0.02711544,"3":0.0262799356,"4":0.0258737002,"5":0.0255874805,"6":0.0254498292,"7":0.025344681,"8":0.0251874626,"9":0.0250687841,"10":0.0249898825,"11":0.0248900242,"12":0.0248630904,"13":0.0247562174,"14":0.0246636495,"15":0.0245765764,"16":0.0245262478,"17":0.0243822988,"18":0.0244060867,"19":0.0243562423,"20":0.0243550017,"21":0.024337206,"22":0.0242317133,"23":0.0242972132,"24":0.0242134053,"25":0.0241645332,"26":0.0241281595,"27":0.0241315253,"28":0.0240738746,"29":0.0240321606},"accuracy":{"0":0.1167217791,"1":0.1164983436,"2":0.1163195968,"3":0.1164089739,"4":0.1164536625,"5":0.1164983436,"6":0.1166770905,"7":0.1164983436,"8":0.1164536625,"9":0.1166324094,"10":0.1165430322,"11":0.1167217791,"12":0.1167217791,"13":0.1165877208,"14":0.1167664677,"15":0.1166770905,"16":0.1167664677,"17":0.1167217791,"18":0.1170345843,"19":0.1168558374,"20":0.1170345843,"21":0.116900526,"22":0.1167664677,"23":0.1168558374,"24":0.116900526,"25":0.1169899032,"26":0.1169452146,"27":0.1169899032,"28":0.116900526,"29":0.1170792729},"val_loss":{"0":0.024631992,"1":0.0259397049,"2":0.0222577397,"3":0.02132277,"4":0.02192742,"5":0.0209928807,"6":0.02157332,"7":0.0202437732,"8":0.0205549821,"9":0.0216926709,"10":0.0213457569,"11":0.0209217947,"12":0.0203595124,"13":0.020691568,"14":0.0204457715,"15":0.0205401648,"16":0.0203687288,"17":0.0225661173,"18":0.0232412387,"19":0.0202424396,"20":0.0201948583,"21":0.0205558725,"22":0.0200729109,"23":0.0204929523,"24":0.0202800222,"25":0.0207354389,"26":0.0202938411,"27":0.0203212481,"28":0.0208868291,"29":0.0206558723},"val_accuracy":{"0":0.0934763178,"1":0.0934763178,"2":0.0934763178,"3":0.0934763178,"4":0.0934763178,"5":0.0934763178,"6":0.0934763178,"7":0.0934763178,"8":0.0934763178,"9":0.0934763178,"10":0.0934763178,"11":0.0934763178,"12":0.0934763178,"13":0.0934763178,"14":0.0934763178,"15":0.0934763178,"16":0.0934763178,"17":0.0934763178,"18":0.0934763178,"19":0.0934763178,"20":0.0934763178,"21":0.0934763178,"22":0.0934763178,"23":0.0934763178,"24":0.0934763178,"25":0.0934763178,"26":0.0934763178,"27":0.0934763178,"28":0.0934763178,"29":0.0934763178}}