{"loss":{"0":0.0295668774,"1":0.0262850942,"2":0.0259900935,"3":0.0258037013,"4":0.0256034116,"5":0.0254577939,"6":0.0252616974,"7":0.0251602427,"8":0.0250795756,"9":0.0249781851,"10":0.0249271075,"11":0.0249080399,"12":0.0248794181,"13":0.0248298842,"14":0.0247767698,"15":0.0247552213,"16":0.0247346535,"17":0.0246858643,"18":0.0246859089,"19":0.0246347834,"20":0.0246558538,"21":0.0246616002,"22":0.0245671047,"23":0.0246086366,"24":0.0245781006,"25":0.0245784816,"26":0.0245361415,"27":0.0245296871,"28":0.0244860772,"29":0.0244815365,"30":0.0244556585,"31":0.0244541977,"32":0.0244736438,"33":0.0244319225,"34":0.0244205875,"35":0.024427267,"36":0.0244181982,"37":0.0244501072,"38":0.0243847066,"39":0.0243861555},"acc":{"0":0.1183890626,"1":0.1184159294,"2":0.1185368299,"3":0.1185636967,"4":0.1186711639,"5":0.1186039969,"6":0.1187114641,"7":0.1188726649,"8":0.1189666986,"9":0.1189398319,"10":0.118980132,"11":0.1189935654,"12":0.1190338656,"13":0.1190741658,"14":0.1190875992,"15":0.1191010326,"16":0.119047299,"17":0.1191278994,"18":0.1191278994,"19":0.1190741658,"20":0.119047299,"21":0.1190875992,"22":0.119114466,"23":0.1191278994,"24":0.119047299,"25":0.1191278994,"26":0.1191278994,"27":0.1191010326,"28":0.1191681996,"29":0.1191278994,"30":0.119181633,"31":0.1190607324,"32":0.1191413328,"33":0.1191010326,"34":0.119114466,"35":0.1191278994,"36":0.1191278994,"37":0.119114466,"38":0.1191278994,"39":0.1191278994},"val_loss":{"0":0.0278067223,"1":0.0263879333,"2":0.0268860616,"3":0.0261359626,"4":0.02619783,"5":0.0257347912,"6":0.0296736496,"7":0.0265844931,"8":0.0257396555,"9":0.0268055512,"10":0.0256616758,"11":0.02571846,"12":0.0259862856,"13":0.0265025294,"14":0.0264667568,"15":0.0259583761,"16":0.0261573909,"17":0.0266434339,"18":0.026083805,"19":0.0258832127,"20":0.0271970002,"21":0.0269330847,"22":0.0264036408,"23":0.0259730208,"24":0.0270286383,"25":0.0260598816,"26":0.025912737,"27":0.0267285363,"28":0.0261498288,"29":0.0260531191,"30":0.0264253562,"31":0.0259004414,"32":0.0263379575,"33":0.0260179279,"34":0.0258902742,"35":0.0264341187,"36":0.026388739,"37":0.026179976,"38":0.0265933376,"39":0.0257413352},"val_acc":{"0":0.0742034316,"1":0.0742034316,"2":0.0742034316,"3":0.0742034316,"4":0.0742034316,"5":0.0742034316,"6":0.0742034316,"7":0.0742034316,"8":0.0742034316,"9":0.0742034316,"10":0.0742034316,"11":0.0742034316,"12":0.0742034316,"13":0.0742034316,"14":0.0742034316,"15":0.0742034316,"16":0.0742034316,"17":0.0742034316,"18":0.0742034316,"19":0.0742034316,"20":0.0742034316,"21":0.0742034316,"22":0.0742034316,"23":0.0742034316,"24":0.0742034316,"25":0.0742034316,"26":0.0742034316,"27":0.0743108913,"28":0.0742034316,"29":0.0742034316,"30":0.0742034316,"31":0.0742034316,"32":0.0742034316,"33":0.0742034316,"34":0.0742034316,"35":0.0742034316,"36":0.0742034316,"37":0.0742034316,"38":0.0742034316,"39":0.0742034316}}